https://image.baidu.com/search/down?url=https://tvax1.sinaimg.cn/large/005QIYAggy1h4d2r4485fj33b8694e87.jpg	
https://image.baidu.com/search/down?url=https://tvax1.sinaimg.cn/large/005QIYAggy1h4d2qgm9fkj3334334u11.jpg	
https://image.baidu.com/search/down?url=https://tvax1.sinaimg.cn/large/005QIYAggy1h4d2p0sdp0j328636qhdv.jpg	
https://image.baidu.com/search/down?url=https://tvax1.sinaimg.cn/large/005QIYAggy1h4d2qphbw9j358w80wu12.jpg	
https://image.baidu.com/search/down?url=https://tvax1.sinaimg.cn/large/005QIYAgly1h4i83jnf2aj33pc2s0kjm.jpg	
https://image.baidu.com/search/down?url=https://tvax1.sinaimg.cn/large/005QIYAgly1h4i84ufdfuj31ur34j4qq.jpg	
https://image.baidu.com/search/down?url=https://tvax1.sinaimg.cn/large/005QIYAggy1h4d2qo1r0aj33pc58gkjr.jpg	
https://image.baidu.com/search/down?url=https://tvax1.sinaimg.cn/large/005QIYAggy1h4d2r6ixeyj34bk63kqvd.jpg	
https://image.baidu.com/search/down?url=https://tvax1.sinaimg.cn/large/005QIYAggy1h4d2pu9x35j326s328e85.jpg	
https://image.baidu.com/search/down?url=https://tvax1.sinaimg.cn/large/005QIYAggy1h4d2qni2ehj33n82w8x6u.jpg	
https://image.baidu.com/search/down?url=https://tvax1.sinaimg.cn/large/005QIYAggy1h4d2nvmc9cj32u43pcx6r.jpg	
https://image.baidu.com/search/down?url=https://tvax1.sinaimg.cn/large/005QIYAgly1h4i7zx805ij31s62mnay0.jpg	
https://image.baidu.com/search/down?url=https://tvax1.sinaimg.cn/large/005QIYAgly1h4i838m8qij33dt4s9hdu.jpg	
https://image.baidu.com/search/down?url=https://tvax1.sinaimg.cn/large/005QIYAgly1h4i81j15tyj30rs15wb29.jpg	
https://image.baidu.com/search/down?url=https://tvax1.sinaimg.cn/large/005QIYAgly1h4i819b6mzj319f1m2npd.jpg	
https://image.baidu.com/search/down?url=https://tvax1.sinaimg.cn/large/005QIYAggy1h4d2psxbwgj33pc4xskjo.jpg	
https://image.baidu.com/search/down?url=https://tvax1.sinaimg.cn/large/005QIYAgly1h4i84caf9sj31b22makjn.jpg	
https://image.baidu.com/search/down?url=https://tvax1.sinaimg.cn/large/005QIYAggy1h4d2r77q5aj33ts5eu1l6.jpg	
https://image.baidu.com/search/down?url=https://tvax1.sinaimg.cn/large/005QIYAggy1h4d2r5tzwjj33384pcqvb.jpg	
https://image.baidu.com/search/down?url=https://tvax1.sinaimg.cn/large/005QIYAgly1h4i84mjtb5j31xg2q5u0y.jpg	
https://image.baidu.com/search/down?url=https://tvax1.sinaimg.cn/large/005QIYAggy1h4d2pxvy6cj32m43pcb2c.jpg	
https://image.baidu.com/search/down?url=https://tvax1.sinaimg.cn/large/005QIYAgly1h4i7ziswqsj315o23mnjh.jpg	
https://image.baidu.com/search/down?url=https://tvax1.sinaimg.cn/large/005QIYAgly1h4i86lvtydj333056whdz.jpg	
https://image.baidu.com/search/down?url=https://tvax1.sinaimg.cn/large/005QIYAgly1h4i81zc201j31ac1ucb29.jpg	
https://image.baidu.com/search/down?url=https://tvax1.sinaimg.cn/large/005QIYAgly1h4i7zntsp0j33kf5ghb29.jpg	
https://image.baidu.com/search/down?url=https://tvax1.sinaimg.cn/large/005QIYAgly1h4i8600uopj33ts5ewqv6.jpg	
https://image.baidu.com/search/down?url=https://tvax1.sinaimg.cn/large/005QIYAgly1h4i7zursw3j31tm2pg4je.jpg	
https://image.baidu.com/search/down?url=https://tvax1.sinaimg.cn/large/005QIYAggy1h4d2och86aj32yo1o0qv7.jpg	
https://image.baidu.com/search/down?url=https://tvax1.sinaimg.cn/large/005QIYAgly1h4i82hkh0qj32os29ne82.jpg	
https://image.baidu.com/search/down?url=https://tvax1.sinaimg.cn/large/005QIYAgly1h4i86x9t26j33n85tzqv8.jpg	
https://image.baidu.com/search/down?url=https://tvax1.sinaimg.cn/large/005QIYAggy1h4d2q78ss5j335a4gs7wl.jpg	
https://image.baidu.com/search/down?url=https://tvax1.sinaimg.cn/large/005QIYAggy1h4d2p3ywlzj33xo3bge84.jpg	
https://image.baidu.com/search/down?url=https://tvax1.sinaimg.cn/large/005QIYAggy1h4d2r4c9dsj35xc3c07wo.jpg	
https://image.baidu.com/search/down?url=https://tvax1.sinaimg.cn/large/005QIYAggy1h4d2pq2pmoj32gw2kokjo.jpg	
https://image.baidu.com/search/down?url=https://tvax1.sinaimg.cn/large/005QIYAgly1h4i80txu39j31ck1ww7wh.jpg	
https://image.baidu.com/search/down?url=https://tvax1.sinaimg.cn/large/005QIYAgly1h4i85pahfcj31o03o07wl.jpg	
https://image.baidu.com/search/down?url=https://tvax1.sinaimg.cn/large/005QIYAggy1h4d2pp54sdj32bc1awnpg.jpg	
https://image.baidu.com/search/down?url=https://tvax1.sinaimg.cn/large/005QIYAggy1h4d2n0padmj31v42s07wk.jpg	
https://image.baidu.com/search/down?url=https://tvax1.sinaimg.cn/large/005QIYAgly1h4i816fs4nj31ww2pgu0x.jpg	
https://image.baidu.com/search/down?url=https://tvax1.sinaimg.cn/large/005QIYAggy1h4d2pzsg1mj31n628mnpg.jpg	
https://image.baidu.com/search/down?url=https://tvax1.sinaimg.cn/large/005QIYAgly1h4i7ztvi7yj31tf2odayz.jpg	
https://image.baidu.com/search/down?url=https://tvax1.sinaimg.cn/large/005QIYAggy1h4d2qxyf6cj33i82t04qu.jpg	
https://image.baidu.com/search/down?url=https://tvax1.sinaimg.cn/large/005QIYAggy1h4d2pp5hikj31yw2scnpg.jpg	
https://image.baidu.com/search/down?url=https://tvax1.sinaimg.cn/large/005QIYAgly1h4i7z72vxrj31p42us7wh.jpg	
https://image.baidu.com/search/down?url=https://tvax1.sinaimg.cn/large/005QIYAgly1h4i80crk8gj328e35p1ky.jpg	
https://image.baidu.com/search/down?url=https://tvax1.sinaimg.cn/large/005QIYAgly1h4i8110hahj30x21ash6p.jpg	
https://image.baidu.com/search/down?url=https://tvax1.sinaimg.cn/large/005QIYAgly1h4i82oy779j32so4347wj.jpg	
https://image.baidu.com/search/down?url=https://tvax1.sinaimg.cn/large/005QIYAgly1h4i830ivx0j31ww2z7qv7.jpg	
https://image.baidu.com/search/down?url=https://tvax1.sinaimg.cn/large/005QIYAgly1h4i7zpa1c3j30zf1e6tod.jpg	
https://image.baidu.com/search/down?url=https://tvax1.sinaimg.cn/large/005QIYAgly1h4i7z3vyoij31901o044k.jpg	
https://image.baidu.com/search/down?url=https://tvax1.sinaimg.cn/large/005QIYAgly1h4i7zb60dsj32r847n1kx.jpg	
https://image.baidu.com/search/down?url=https://tvax1.sinaimg.cn/large/005QIYAgly1h4i7zemovfj30my0whqbi.jpg	
https://image.baidu.com/search/down?url=https://tvax1.sinaimg.cn/large/005QIYAgly1h4i83is5soj32lc4h5qv7.jpg	
https://image.baidu.com/search/down?url=https://tvax1.sinaimg.cn/large/005QIYAggy1h4d2pyo5lbj34y83cuhdx.jpg	
https://image.baidu.com/search/down?url=https://tvax1.sinaimg.cn/large/005QIYAgly1h4i7z3tn0aj30iz18aq9m.jpg	
https://image.baidu.com/search/down?url=https://tvax1.sinaimg.cn/large/005QIYAggy1h4d2nzbovrj32gw38oe83.jpg	
https://image.baidu.com/search/down?url=https://tvax1.sinaimg.cn/large/005QIYAgly1h4i7zwbkbuj328e35phca.jpg	
https://image.baidu.com/search/down?url=https://tvax1.sinaimg.cn/large/005QIYAggy1h4d2oig7n8j31yq2s0qv7.jpg	
https://image.baidu.com/search/down?url=https://tvax1.sinaimg.cn/large/005QIYAggy1h4d2qzta61j3668440kjr.jpg	
https://image.baidu.com/search/down?url=https://tvax1.sinaimg.cn/large/005QIYAggy1h4d2r07b4qj344s39cb2f.jpg	
https://image.baidu.com/search/down?url=https://tvax1.sinaimg.cn/large/005QIYAgly1h4i80miv1jj31jk2bc4qp.jpg	
https://image.baidu.com/search/down?url=https://tvax1.sinaimg.cn/large/005QIYAggy1h4d2o4korvj327434k4qr.jpg	
https://image.baidu.com/search/down?url=https://tvax1.sinaimg.cn/large/005QIYAggy1h4d2qj1btmj32082u4e85.jpg	
https://image.baidu.com/search/down?url=https://tvax1.sinaimg.cn/large/005QIYAggy1h4d2osn6djj31s82iwx6s.jpg	
https://image.baidu.com/search/down?url=https://tvax1.sinaimg.cn/large/005QIYAggy1h4d2qm0fthj32p43tsqv9.jpg	
https://image.baidu.com/search/down?url=https://tvax1.sinaimg.cn/large/005QIYAgly1h4i82jzgcfj313h22jb29.jpg	
https://image.baidu.com/search/down?url=https://tvax1.sinaimg.cn/large/005QIYAgly1h4i7z6xxz0j31td3864qp.jpg	
https://image.baidu.com/search/down?url=https://tvax1.sinaimg.cn/large/005QIYAggy1h4d2qorbz6j34xs3qoe86.jpg	
https://image.baidu.com/search/down?url=https://tvax1.sinaimg.cn/large/005QIYAgly1h4i81inl1qj33xu5wdhdu.jpg	
https://image.baidu.com/search/down?url=https://tvax1.sinaimg.cn/large/005QIYAggy1h4d2opqq4tj32gw3gcnpf.jpg	
https://image.baidu.com/search/down?url=https://tvax1.sinaimg.cn/large/005QIYAgly1h4i7zo3ob7j31ww2pgata.jpg	
https://image.baidu.com/search/down?url=https://tvax1.sinaimg.cn/large/005QIYAggy1h4d2qjdh59j32yo1o0u11.jpg	
https://image.baidu.com/search/down?url=https://tvax1.sinaimg.cn/large/005QIYAgly1h4i7zzpzwrj31oj2g61kx.jpg	
https://image.baidu.com/search/down?url=https://tvax1.sinaimg.cn/large/005QIYAgly1h4i85fo06lj31kw23wb2d.jpg	
https://image.baidu.com/search/down?url=https://tvax1.sinaimg.cn/large/005QIYAggy1h4d2qaw7ruj32jw3lwhdx.jpg	
https://image.baidu.com/search/down?url=https://tvax1.sinaimg.cn/large/005QIYAgly1h4i81p1c3xj335p28eb29.jpg	
https://image.baidu.com/search/down?url=https://tvax1.sinaimg.cn/large/005QIYAggy1h4d2p6vs0fj32p41tm1l0.jpg	
https://image.baidu.com/search/down?url=https://tvax1.sinaimg.cn/large/005QIYAgly1h4i83e8u6zj31sm3r9qv5.jpg	
https://image.baidu.com/search/down?url=https://tvax1.sinaimg.cn/large/005QIYAgly1h4i7z3r2tgj31ww2pgqak.jpg	
https://image.baidu.com/search/down?url=https://tvax1.sinaimg.cn/large/005QIYAgly1h4i80puqfej33sf2ohhdu.jpg	
https://image.baidu.com/search/down?url=https://tvax1.sinaimg.cn/large/005QIYAgly1h4i82buglij31xm2p9kjl.jpg	
https://image.baidu.com/search/down?url=https://tvax1.sinaimg.cn/large/005QIYAggy1h4d2q5lyvlj34xs3y84qt.jpg	
https://image.baidu.com/search/down?url=https://tvax1.sinaimg.cn/large/005QIYAggy1h4d2pmayp3j327a2xqnpf.jpg	
https://image.baidu.com/search/down?url=https://tvax1.sinaimg.cn/large/005QIYAggy1h4d2r59e57j33ts5euu14.jpg	
https://image.baidu.com/search/down?url=https://tvax1.sinaimg.cn/large/005QIYAggy1h4d2qyu681j32v44mob2f.jpg	
https://image.baidu.com/search/down?url=https://tvax1.sinaimg.cn/large/005QIYAgly1h4i801j51cj313d1n2ndy.jpg	
https://image.baidu.com/search/down?url=https://tvax1.sinaimg.cn/large/005QIYAgly1h4i8020rtrj32c01n2b29.jpg	
https://image.baidu.com/search/down?url=https://tvax1.sinaimg.cn/large/005QIYAggy1h4d2qmu8s1j33pc2w4hdy.jpg	
https://image.baidu.com/search/down?url=https://tvax1.sinaimg.cn/large/005QIYAggy1h4d2qs185dj343s3pckjr.jpg	
https://image.baidu.com/search/down?url=https://tvax1.sinaimg.cn/large/005QIYAgly1h4i7zk6sbhj31hc0u0anj.jpg	
https://image.baidu.com/search/down?url=https://tvax1.sinaimg.cn/large/005QIYAgly1h4i817cj2nj328e35pb29.jpg	
https://image.baidu.com/search/down?url=https://tvax1.sinaimg.cn/large/005QIYAgly1h4i84zranbj33h057i1l0.jpg	
https://image.baidu.com/search/down?url=https://tvax1.sinaimg.cn/large/005QIYAggy1h4d2qx6r3fj375e3kox6u.jpg	
https://image.baidu.com/search/down?url=https://tvax1.sinaimg.cn/large/005QIYAgly1h4i7zj2ag5j323h1zz1kx.jpg	
https://image.baidu.com/search/down?url=https://tvax1.sinaimg.cn/large/005QIYAggy1h4d2pr8wcjj32ks3n8hdw.jpg	
https://image.baidu.com/search/down?url=https://tvax1.sinaimg.cn/large/005QIYAggy1h4d2nlcqp4j31ww2pfnpd.jpg	
https://image.baidu.com/search/down?url=https://tvax1.sinaimg.cn/large/005QIYAgly1h4i7zmop8nj30pm1ai43s.jpg	
https://image.baidu.com/search/down?url=https://tvax1.sinaimg.cn/large/005QIYAgly1h4i7z88uxyj31u031m4qp.jpg	
https://image.baidu.com/search/down?url=https://tvax1.sinaimg.cn/large/005QIYAgly1h4i80xpp0hj318g208e81.jpg	
https://image.baidu.com/search/down?url=https://tvax1.sinaimg.cn/large/005QIYAgly1h4i87eh6c7j33e830cb2g.jpg	
https://image.baidu.com/search/down?url=https://tvax1.sinaimg.cn/large/005QIYAggy1h4d2psje6zj335a2egqv7.jpg	
https://image.baidu.com/search/down?url=https://tvax1.sinaimg.cn/large/005QIYAgly1h4i813tbnlj328e35p4qp.jpg	
https://image.baidu.com/search/down?url=https://tvax1.sinaimg.cn/large/005QIYAgly1h4i87j34s5j335w2usb2h.jpg	
https://image.baidu.com/search/down?url=https://tvax1.sinaimg.cn/large/005QIYAggy1h4d2pvnktqj32nc3pcb2c.jpg	
https://image.baidu.com/search/down?url=https://tvax1.sinaimg.cn/large/005QIYAgly1h4i84txy7hj321i35pb2b.jpg	
https://image.baidu.com/search/down?url=https://tvax1.sinaimg.cn/large/005QIYAgly1h4i81vaxtej328e35pe81.jpg	
https://image.baidu.com/search/down?url=https://tvax1.sinaimg.cn/large/005QIYAggy1h4d2owd8znj33ia27z7wk.jpg	
https://image.baidu.com/search/down?url=https://tvax1.sinaimg.cn/large/005QIYAgly1h4i7z9qo75j313h22jnf8.jpg	
https://image.baidu.com/search/down?url=https://tvax1.sinaimg.cn/large/005QIYAgly1h4i880pj2dj334g4o0he3.jpg	
https://image.baidu.com/search/down?url=https://tvax1.sinaimg.cn/large/005QIYAgly1h4i7zpiy7sj31tp2dfx63.jpg	
https://image.baidu.com/search/down?url=https://tvax1.sinaimg.cn/large/005QIYAgly1h4i81qtdfij31872r1hdt.jpg	
https://image.baidu.com/search/down?url=https://tvax1.sinaimg.cn/large/005QIYAgly1h4i80gcoulj31ae1o0kc0.jpg	
https://image.baidu.com/search/down?url=https://tvax1.sinaimg.cn/large/005QIYAggy1h4d2omyz7bj33g04vchdv.jpg	
https://image.baidu.com/search/down?url=https://tvax1.sinaimg.cn/large/005QIYAggy1h4d2r3inz1j33pc58gkjt.jpg	
https://image.baidu.com/search/down?url=https://tvax1.sinaimg.cn/large/005QIYAggy1h4d2r5v4oqj34gk3hou14.jpg	
https://image.baidu.com/search/down?url=https://tvax1.sinaimg.cn/large/005QIYAgly1h4i831kls3j34gs6bee82.jpg	
https://image.baidu.com/search/down?url=https://tvax1.sinaimg.cn/large/005QIYAgly1h4i84q6jffj34xz2uq7wk.jpg	
